{
	"customer" : { 
		"name":"Ruijia Wang",
		"location":"1524 Hearst Avenue"
	},
	
	"lineItems" : [ 
		{ "description": "Mac", 
		  "cost": 2500, 
		  "totalCost": 2500, 
		  "quantity" : 1
		},
		{ "description": "Windows", 
		  "cost": 2800, 
		  "totalCost": 14000, 
		  "quantity": 5
		},
		{ "description": "Dell",
		  "cost": 2000, 
		  "totalCost": 4000, 
		  "quantity": 2
		},
		{ "description": "Hp", 
		  "cost": 1800,
		  "totalCost": 9000, 
		  "quantity": 5
		},
		{ "description": "Acer", 
		  "cost": 1500, 
		  "totalCost": 10500,
		  "quantity": 7
		}
	]
}

